Date(UTC),eth_etherprice,eth_tx,eth_address,eth_supply,eth_marketcap,eth_hashrate,eth_blocks,eth_blocksize,eth_blocktime
7/30/2015,0,8893,9205,72049306.59,0,23.7569,6912,644,4.46
7/31/2015,0,0,9361,72085498.31,0,48.1584,6863,582,12.58
8/1/2015,0,0,9476,72113204.25,0,55.2709,5293,575,16.34
8/2/2015,0,0,9563,72141427.69,0,64.1779,5358,581,16.12
8/3/2015,0,0,9639,72169404.41,0,69.8559,5280,587,16.37
8/4/2015,0,0,9696,72197882.84,0,76.6115,5368,587,16.1
8/5/2015,0,0,9749,72225411.44,0,81.9449,5235,579,16.51
8/6/2015,0,0,9790,72252486.91,0,82.9366,5116,584,16.89
8/7/2015,3,2050,10314,72279924.56,216.8397737,89.6063,5189,633,16.65
8/8/2015,1.2,2881,10730,72307868,86.7694416,97.6083,5256,668,16.44
8/9/2015,1.2,1329,11004,72335046.28,86.80205554,102.5407,5123,618,16.86
8/10/2015,0,2037,11679,72362863.63,0,113.1109,5255,631,16.44
8/11/2015,0.99,4963,13576,72390891.44,71.66698252,126.6631,5280,692,16.37
8/12/2015,1.29,2036,13913,72418262.38,93.41955846,132.7661,5124,653,16.86
8/13/2015,1.88,2842,14459,72446530.5,136.1994773,144.8995,5286,666,16.34
8/14/2015,1.79,3174,15024,72477637.22,129.7349706,183.5527,5809,660,14.88
8/15/2015,1.79,2284,15407,72506149.88,129.7860083,213.9622,5382,638,16.04
8/17/2015,1.3,2512,15693,72534268.78,94.29454942,245.4865,5347,635,16.16
8/16/2015,1.37,2440,15984,72561363.31,99.40906774,220.8548,5132,641,16.84
8/18/2015,1.36,2494,16268,72587526.13,98.71903553,253.7123,4948,648,17.46
8/19/2015,1.24,3246,16553,72614808.16,90.04236211,269.2527,5192,653,16.64
8/20/2015,1.52,2303,16773,72635865.19,110.4065151,252.3917,4024,650,21.47
8/21/2015,1.44,3919,17070,72662556.13,104.6340808,263.4014,5088,668,16.98
8/22/2015,1.4,3579,17313,72690106.59,101.7661492,298.2545,5271,648,16.39
8/23/2015,1.35,4190,17662,72716362.22,98.167089,303.082,5013,681,17.24
8/24/2015,1.24,4432,17839,72743695.5,90.20218242,314.6624,5184,673,16.67
8/25/2015,1.27,4487,18089,72770431.59,92.41844812,309.2154,5097,680,16.95
8/26/2015,1.18,4156,18298,72796569.56,85.89995208,327.8673,5003,669,17.27
8/27/2015,1.14,5590,18508,72821102.38,83.01605671,327.6196,4708,708,18.35
8/28/2015,1.3,4758,18687,72845327.53,94.69892579,340.1254,4653,691,18.57
8/29/2015,1.18,4139,18815,72867852.53,85.98406599,339.3919,4329,682,19.93
8/30/2015,1.32,4572,19017,72889306.13,96.21388409,332.4474,4155,689,20.77
8/31/2015,1.31,5196,19168,72910599.56,95.51288543,351.2291,4122,731,20.87
9/1/2015,1.36,5153,19349,72930942.53,99.18608184,354.1181,3938,741,21.86
9/2/2015,1.14,5195,19500,72949329.88,83.16223606,349.6263,3577,766,24.12
9/3/2015,1.23,4777,19646,72966710.81,89.7490543,331.5756,3383,755,25.53
9/4/2015,1.35,5642,19791,72989792.69,98.53622013,340.3879,4443,762,19.3
9/5/2015,1.37,5519,19955,73015421.75,100.0311278,361.5994,4921,753,17.48
9/6/2015,1.34,5521,20081,73041590.03,97.87573064,371.3126,4978,733,17.19
9/7/2015,1.28,5702,20308,73067050.5,93.52582464,360.9598,4834,753,17.77
9/8/2015,1.26,5622,20433,73092943,92.09710818,352.7229,4923,759,17.46
9/9/2015,1.21,5604,20609,73119370.66,88.47443849,368.0392,5035,765,17.12
9/10/2015,1.19,5341,20711,73145814.88,87.0435197,371.1206,5003,730,17.18
9/11/2015,0.92,6460,20897,73173054.72,67.31921034,397.2576,5141,736,16.71
9/12/2015,1.15,5596,21043,73199455.81,84.17937418,405.6008,5026,761,17.11
9/13/2015,0.89,6057,21252,73225627.22,65.17080822,412.3321,4971,764,17.25
9/14/2015,0.96,5572,21409,73251215.34,70.32116673,380.4038,4851,771,17.61
9/15/2015,0.95,5409,21581,73276830.66,69.61298912,366.6357,4842,755,17.75
9/16/2015,0.94,5872,21719,73303148.78,68.90495985,362.0796,4956,739,17.32
9/17/2015,0.88,5368,21826,73328584.41,64.52915428,342.0493,4808,753,17.91
9/18/2015,0.85,5802,21999,73354486.13,62.35131321,326.1315,4889,785,17.57
9/19/2015,0.89,5205,22106,73381665.81,65.30968257,332.9998,5078,735,16.9
9/20/2015,0.89,6402,22230,73409648.47,65.33458714,390.7766,5305,766,16.04
9/21/2015,0.94,6305,22363,73436300.34,69.03012232,393.8171,5075,779,16.87
9/22/2015,0.81,6804,22496,73462670.66,59.50476323,395.4227,5051,807,17
9/23/2015,0.91,7404,22648,73489750.97,66.87567338,422.5629,5165,784,16.58
9/24/2015,0.8,6224,22783,73516136.75,58.8129094,417.591,5021,782,17.1
9/25/2015,0.68,5851,22902,73543140.19,50.00933533,421.4033,5126,767,16.73
9/26/2015,0.77,5907,22964,73569050.5,56.64816889,423.4245,4930,765,17.32
9/27/2015,0.7,5760,23045,73594061.59,51.51584312,412.8378,4773,725,17.92
9/28/2015,0.6,6123,23160,73618775.81,44.17126549,379.0354,4738,755,18.02
9/29/2015,0.68,5738,23283,73643144.25,50.07733809,330.5963,4640,762,18.51
9/30/2015,0.71,5870,23385,73668238,52.30444898,315.1845,4757,742,18.04
10/1/2015,0.65,6421,23482,73695660.03,47.90217902,347.9262,5210,741,16.45
10/2/2015,0.66,6063,23563,73722573.16,48.65689828,364.9391,5143,773,16.62
10/3/2015,0.68,6112,23689,73749026.91,50.1493383,378.3587,5077,769,16.84
10/4/2015,0.61,6624,23777,73774507.06,45.00244931,360.3209,4886,776,17.47
10/5/2015,0.61,6279,23909,73800643.94,45.0183928,373.8427,5009,771,17.05
10/6/2015,0.65,6458,24005,73825680.5,47.98669233,361.6866,4806,781,17.67
10/7/2015,0.6,7121,24102,73851814.09,44.31108846,354.5899,5004,808,17.09
10/8/2015,0.62,6926,24168,73878596.28,45.80472969,364.4138,5152,789,16.6
10/9/2015,0.64,6763,24243,73904043.94,47.29858812,355.5959,4905,779,17.45
10/10/2015,0.64,6529,24303,73929543.63,47.31490792,351.084,4896,778,17.44
10/11/2015,0.6,6023,24359,73956054.41,44.37363264,368.0058,5073,748,16.91
10/12/2015,0.63,6593,24473,73982854.41,46.60919828,378.7687,5148,787,16.48
10/13/2015,0.6,6818,24675,74009522.69,44.40571361,384.9138,5108,818,16.76
10/14/2015,0.5,6830,24906,74035398.31,37.01769916,379.3914,4934,791,17.3
10/15/2015,0.56,6499,25142,74061008.78,41.47416492,361.6693,4926,824,17.39
10/16/2015,0.53,6795,25248,74086450.19,39.2658186,336.9025,4883,827,17.56
10/17/2015,0.52,6567,25356,74112900.81,38.53870842,360.0608,5056,788,16.86
10/18/2015,0.51,6481,25489,74138749.09,37.81076204,349.8902,4945,812,17.28
10/19/2015,0.5,6604,25729,74164715.81,37.08235791,347.3344,4975,802,17.29
10/20/2015,0.44,5897,25828,74190908.31,32.64399966,343.9115,4990,770,17.2
10/22/2015,0.61,5979,25982,74216239.09,45.27190585,326.6268,4835,782,17.78
10/21/2015,0.42,6182,26244,74242285.5,31.18175991,346.8015,4990,774,17.22
10/23/2015,0.56,6888,26449,74269844.09,41.59111269,365.8809,5263,818,16.26
10/24/2015,0.56,6361,26892,74296959.09,41.60629709,387.2388,5171,771,16.52
10/25/2015,0.62,5830,27220,74323773.31,46.08073945,399.05,5096,751,16.74
10/26/2015,0.71,5938,27534,74349688.63,52.78827892,379.5194,4908,765,17.52
10/27/2015,0.83,6784,27744,74377214.88,61.73308835,402.6895,5220,815,16.5
10/28/2015,0.99,7346,27918,74403563.31,73.65952768,399.8592,4967,808,17.33
10/29/2015,1.12,7836,28188,74431070.34,83.36279879,428.9193,5158,814,16.64
10/30/2015,1.14,7941,28770,74458794.25,84.88302545,461.8848,5232,781,16.3
10/31/2015,0.87,7557,29166,74486542.06,64.80329159,474.3059,5129,812,16.65
11/1/2015,0.99,6915,29676,74514722.22,73.769575,475.3902,5158,783,16.54
11/2/2015,0.99,6558,29973,74541856.44,73.79643787,458.2611,5024,779,17.04
11/3/2015,1.06,7399,30326,74569462.22,79.04362995,441.5678,5085,844,16.83
11/4/2015,0.8,7037,30608,74597178.63,59.6777429,465.7518,5125,762,16.79
11/5/2015,0.88,7498,30815,74624470.03,65.66953363,455.3749,5103,813,16.85
11/6/2015,0.99,7882,30968,74651892.22,73.9053733,464.8882,5142,812,16.56
11/7/2015,0.93,10996,31514,74678607.53,69.451105,443.1504,4922,1005,17.27
11/8/2015,1,12413,32153,74705896.59,74.70589659,459.0328,5021,1015,17.02
11/9/2015,1,7689,32455,74732956.13,74.73295613,461.3202,5024,786,17
11/10/2015,0.9,8151,32634,74760400.19,67.28436017,463.7579,5053,834,16.92
11/11/2015,0.75,10217,32804,74788226.75,56.09117006,454.769,5028,1044,17.08
11/12/2015,0.88,9534,32918,74816251.28,65.83830113,465.8401,5079,874,16.84
11/13/2015,0.9,7891,33055,74844436.44,67.35999279,479.0797,5119,808,16.63
11/14/2015,0.88,7211,33157,74872794.09,65.8880588,481.9432,5127,938,16.64
11/15/2015,0.92,7170,33264,74900914.25,68.90884111,505.889,5195,797,16.52
11/16/2015,0.93,7442,33376,74928309.41,69.68332775,499.1223,5039,782,16.97
11/17/2015,1,7145,33512,74956103,74.956103,500.689,5163,762,16.54
11/18/2015,1,7373,33629,74983355.03,74.98335503,515.9244,5075,774,16.81
11/19/2015,0.94,8876,33765,75009918.47,70.50932336,527.3325,4977,882,17.04
11/20/2015,0.92,6348,33883,75035048.94,69.03224502,444.6029,4721,814,18.1
11/21/2015,0.96,6822,33999,75061831.13,72.05935788,452.9449,5035,832,16.97
11/22/2015,0.97,7083,34447,75088819.72,72.83615513,453.2137,5049,816,16.9
11/23/2015,0.92,8260,34594,75116092.06,69.1068047,460.4471,5089,863,16.65
11/24/2015,0.91,7152,34812,75142940.19,68.38007557,451.9348,5001,828,17.21
11/25/2015,0.87,7098,34913,75169412.06,65.39738849,437.6937,4940,807,17.37
11/26/2015,0.86,7278,35071,75195950.5,64.66851743,440.4046,4940,784,17.36
11/27/2015,0.88,6639,35136,75223837.38,66.19697689,458.006,5174,790,16.5
11/28/2015,0.91,6817,35204,75251045.34,68.47845126,460.0296,5008,774,16.96
11/29/2015,0.87,6853,35288,75278393.16,65.49220205,467.2217,5050,776,16.84
11/30/2015,0.88,8986,35402,75305749.41,66.26905948,470.9538,5080,864,16.75
12/1/2015,0.87,6794,35508,75333292.22,65.53996423,470.8828,5078,847,16.92
12/3/2015,0.83,6971,35610,75361355.5,62.54992507,465.4228,5205,778,16.46
12/2/2015,0.82,6502,35709,75387362.53,61.81763728,446.5842,4824,819,17.86
12/4/2015,0.84,6898,35879,75414041.91,63.3477952,464.769,5008,804,17.09
12/5/2015,0.87,6784,36022,75440623.78,65.63334269,484.0832,5006,835,17.07
12/6/2015,0.83,9103,36291,75466879.56,62.63751004,456.1653,4913,877,17.42
12/7/2015,0.79,7141,36437,75493598.47,59.63994279,451.5806,4971,775,17.18
12/8/2015,0.81,6697,36557,75519910.97,61.17112788,440.4392,4911,771,17.39
12/9/2015,0.81,7001,36673,75548235.03,61.19407038,451.5592,5208,779,16.46
12/10/2015,0.84,7444,36820,75575712.38,63.4835984,472.5491,5144,820,16.71
12/11/2015,0.9,8105,36951,75602735.19,68.04246167,482.2872,5062,884,16.93
12/12/2015,0.96,8205,37373,75629941.75,72.60474408,485.3189,5076,916,16.82
12/13/2015,0.92,7426,37569,75657849.09,69.60522117,527.4325,5280,845,16.29
12/14/2015,0.99,15550,37729,75684557.69,74.92771211,507.6232,4999,1752,17.12
12/15/2015,1,21098,37850,75711572.22,75.71157222,525.7241,5070,1834,16.91
12/16/2015,0.8,10304,37990,75738029.56,60.59042365,507.043,4982,1216,17.13
12/17/2015,0.94,9612,38358,75764912.69,71.21901793,525.5147,5060,1053,16.86
12/18/2015,0.9,9032,38634,75791584.25,68.21242583,521.94,5020,1057,17.06
12/19/2015,0.89,9314,38756,75818278.78,67.47826812,521.0237,5038,1009,16.89
12/20/2015,1.07,9879,38902,75844714.88,81.15384492,508.7178,4947,1103,17.07
12/21/2015,0.91,12063,39082,75871172.69,69.04276715,503.4873,4976,1172,17.14
12/22/2015,0.88,21027,39208,75898547.06,66.79072142,532.5519,5129,2045,16.63
12/23/2015,0.87,22740,39317,75925946.44,66.0555734,515.6242,5112,1544,16.73
12/24/2015,0.87,13494,39422,75952633,66.07879071,510.9724,5018,1292,17.04
12/25/2015,0.88,9521,39537,75979436.59,66.8619042,513.0784,5080,1042,16.82
12/26/2015,0.85,10726,39678,76005996.75,64.60509724,503.1197,5004,1074,17.08
12/27/2015,0.92,21867,39822,76032850.5,69.95022246,513.1455,5018,1575,16.96
12/28/2015,0.87,12368,40010,76059908.47,66.17212037,519.2876,5081,1239,16.65
12/29/2015,0.86,11358,40182,76086569.56,65.43444982,507.0365,4981,1200,17.18
12/30/2015,0.89,21767,40333,76113305.81,67.74084217,505.9181,5028,1564,17.03
12/31/2015,0.95,10301,40566,76140217.84,72.33320695,511.0014,5040,1057,16.97
1/1/2016,0.92,8233,40701,76166284.41,70.07298165,498.5749,4885,885,17.43
1/2/2016,0.95,9164,40850,76193668.31,72.3839849,492.1201,5095,954,16.74
1/3/2016,0.96,9258,41000,76221344.09,73.17249033,509.4547,5134,955,16.51
1/4/2016,0.95,9474,41198,76248764.72,72.43632648,508.1827,5096,981,16.61
1/5/2016,0.94,16430,41381,76276603.94,71.7000077,513.2618,5126,1396,16.47
1/6/2016,0.95,17074,41647,76304229.41,72.48901794,513.8092,5090,1553,16.63
1/7/2016,0.94,22075,41869,76331251.59,71.7513765,490.9855,4981,1550,16.99
1/8/2016,0.99,10919,42078,76359248.31,75.59565583,516.4913,5176,1080,16.28
1/9/2016,0.99,11793,42411,76386844.09,75.62297565,514.4362,5099,1209,16.59
1/10/2016,1,10320,42678,76414132.06,76.41413206,510.7642,5093,1044,16.59
1/11/2016,1.08,10893,43005,76441137.22,82.5564282,541.9062,5107,1058,16.51
1/12/2016,1.22,10862,43351,76467038,93.28978636,522.5879,4930,1094,17.23
1/13/2016,1.14,17665,43579,76493573.31,87.20267358,508.8842,5002,1423,16.93
1/14/2016,1.16,10653,43804,76520492.53,88.76377134,532.0852,5090,1062,16.66
1/15/2016,1.2,9875,44209,76547289.88,91.85674785,550.7681,5084,1006,16.61
1/16/2016,1.22,10664,44494,76573813,93.42005186,557.6853,5046,967,16.79
1/17/2016,1.31,9747,44771,76600412.84,100.3465408,548.1829,5036,887,16.76
1/18/2016,1.47,12916,45167,76627033,112.6417385,575.3153,5072,1057,16.71
1/19/2016,1.22,13420,45486,76653125.81,93.51681349,572.2182,4972,1107,16.93
1/20/2016,1.54,10610,45937,76679668.31,118.0866892,572.1047,5038,959,16.72
1/21/2016,1.54,10734,46362,76705587.53,118.1266048,573.709,4963,944,16.97
1/22/2016,1.52,13848,46783,76731842.53,116.6324006,597.3168,5007,1027,16.81
1/23/2016,2.03,11025,47374,76757612.22,155.8179528,596.8191,4928,906,17.12
1/24/2016,2.1,12798,48105,76784855.19,161.2481959,628.651,5168,993,16.39
1/25/2016,2.5,17121,48925,76810552.22,192.0263805,605.5737,4881,1335,17.31
1/26/2016,2.3,16511,49844,76837541.44,176.7263453,658.7338,5152,1228,16.37
1/27/2016,2.42,18747,50637,76863642.22,186.0100142,647.7358,4983,1566,16.96
1/28/2016,2.55,16765,51643,76890206.91,196.0700276,624.3007,5059,1424,16.96
1/29/2016,2.41,16395,52611,76916367.38,185.3684454,639.9955,4981,1308,17.27
1/30/2016,2.44,14661,53598,76942560.5,187.7398476,647.0259,5017,1179,17.11
1/31/2016,2.2,14166,54494,76968242.38,169.3301332,615.8746,4872,1135,17.63
2/1/2016,2.17,14199,55186,76994673.63,167.0784418,654.1278,5015,1081,16.96
2/2/2016,2.45,14291,55768,77020542.06,188.7003281,630.3772,4955,1077,17.15
2/3/2016,2.53,14274,56445,77047840.03,194.9310353,672.6015,5199,1060,16.36
2/4/2016,2.57,14371,57050,77074402.38,198.0812141,670.991,5062,1087,16.8
2/5/2016,2.56,15249,57863,77100960.97,197.3784601,670.5626,5046,1117,16.84
2/6/2016,2.53,31418,58402,77127306.75,195.1320861,647.0863,4987,1678,17.05
2/7/2016,3,14264,58925,77153991.44,231.4619743,670.8703,5087,1026,16.69
2/8/2016,3.16,14719,59593,77180646.44,243.8908427,700.3927,5071,1034,16.75
2/9/2016,3.76,15517,60346,77207117.53,290.2987619,674.4033,5055,1032,16.92
2/10/2016,4.35,17141,61635,77233278.78,335.9647627,686.6895,4961,1106,17.26
2/11/2016,6.38,21440,63947,77259756.59,492.9172471,715.549,5019,1280,17.02
2/13/2016,5.22,19327,65365,77286638.16,403.4362512,728.3101,5093,1222,16.82
2/12/2016,5.27,18109,66901,77313140.19,407.4402488,689.224,5033,1171,16.99
2/14/2016,5.2,16624,68010,77339469.25,402.1652401,744.6017,4990,1140,17.03
2/15/2016,5.22,17159,68996,77365694.56,403.8489256,760.8675,4975,1127,17.2
2/16/2016,4.25,17549,69956,77392140.34,328.9165965,758.1305,5025,1128,17.02
2/17/2016,3.86,19990,70919,77417812.38,298.8327558,737.5344,4857,1265,17.5
2/18/2016,4.36,16969,71720,77444027.22,337.6559587,723.4539,4999,1109,17.1
2/19/2016,4.45,18412,73097,77470682.69,344.744538,758.4649,5033,1157,16.91
2/20/2016,4.37,16714,73761,77497243.47,338.662954,772.541,5051,1046,16.83
2/21/2016,4.63,17119,75500,77523780.03,358.9351015,776.957,5055,1051,16.81
2/22/2016,5.6,18190,76417,77550537.84,434.2830119,818.0979,5103,1090,16.68
2/23/2016,5.7,18482,77363,77576707.84,442.1872347,822.7791,4969,1117,17
2/24/2016,6.23,19540,78179,77603134.72,483.4675293,822.5628,5029,1109,16.89
2/25/2016,5.93,19503,79187,77629958.47,460.3456537,833.5308,5128,1114,16.51
2/26/2016,6.03,21068,80568,77656612.53,468.2693736,851.8002,5055,1289,16.76
2/27/2016,6.31,18981,81372,77682812.38,490.1785461,871.6768,4992,1102,16.95
2/28/2016,6.5,19063,82742,77709234.41,505.1100236,889.7172,5029,1091,16.8
2/29/2016,6.35,20358,84582,77734463.94,493.613846,868.457,4820,1175,17.47
3/1/2016,7.59,21778,86447,77760945.03,590.2055728,887.58,5052,1157,16.58
3/2/2016,8.7,23562,88628,77787589.25,676.7520265,915.7752,5086,1199,16.58
3/3/2016,9.35,24837,90921,77813700.5,727.5580997,945.4459,5014,1248,16.71
3/4/2016,9.96,24287,93327,77839585.81,775.2822747,970.9779,4994,1249,16.87
3/5/2016,11,27115,96435,77866168,856.527848,1022.7687,5138,1314,16.32
3/6/2016,10.98,27661,99307,77891567.69,855.2494132,1030.5122,4907,1366,17.17
3/7/2016,9.5,23271,101184,77917553.16,740.216755,1037.0411,5026,1218,16.8
3/8/2016,9.88,24104,103555,77943376.28,770.0805577,1054.0514,5017,1242,16.76
3/9/2016,11.55,24557,105944,77969119.56,900.5433309,1074.1375,4989,1279,16.81
3/10/2016,11.11,24814,108347,77995747.06,866.5327499,1131.0236,5196,1222,16.18
3/11/2016,11.25,23124,109835,78022049.56,877.7480576,1135.2724,5065,1211,16.68
3/12/2016,13.25,27887,111755,78048419.72,1034.141561,1189.2959,5023,1385,16.75
3/13/2016,15,28127,113690,78075670.19,1171.135053,1270.7701,5186,1392,16.08
3/14/2016,12.5,28528,115840,78102078.16,976.275977,1231.9938,5108,1501,16.53
3/15/2016,13.09,29273,117680,78133301.75,1022.76492,1259.5857,5979,1318,14.09
3/16/2016,12.92,27596,119290,78164791.91,1009.889111,1285.0031,6025,1316,14.01
3/17/2016,11.14,33531,120974,78196816.44,871.1125351,1325.0584,6082,1421,13.82
3/18/2016,10.75,31821,122851,78228103.63,840.952114,1327.059,5962,1403,14.08
3/19/2016,10.55,34779,124108,78260182.06,825.6449208,1376.7015,6082,1494,13.7
3/20/2016,10.06,32447,125636,78291777.22,787.6152788,1413.2109,6027,1446,13.9
3/21/2016,11.97,32511,127167,78323160.19,937.5282274,1392.9337,5994,1498,14.01
3/22/2016,10.96,32890,128345,78354872.06,858.7693978,1431.5834,6071,1514,13.85
3/23/2016,12.29,31786,129689,78386166.13,963.3659817,1354.125,5974,1529,14.04
3/24/2016,11.13,36947,130970,78418237.22,872.7949802,1465.4863,6101,1862,13.71
3/25/2016,10.69,36762,132066,78450127.06,838.6318583,1533.2559,6066,1621,13.78
3/26/2016,11,36646,133107,78482062.38,863.3026861,1580.9776,6095,1538,13.72
3/27/2016,10.5,29974,134131,78513693.16,824.3937781,1607.1295,6046,1261,13.85
3/28/2016,11.58,33613,135514,78544999.72,909.5510967,1572.977,5999,1568,14.05
3/29/2016,11.73,33915,137297,78576437.53,921.7016122,1640.0171,6010,1389,13.98
3/30/2016,11.88,36767,139755,78608138,933.8646794,1661.3373,6047,1572,13.86
3/31/2016,11.41,32259,141814,78639526.91,897.277002,1740.8734,6021,1405,13.95
4/1/2016,11.63,33320,142900,78671411.59,914.9485168,1752.2564,6081,1493,13.75
4/2/2016,11.61,29358,144015,78702492.84,913.7359419,1690.6343,5936,1235,14.12
4/3/2016,11.58,29588,144966,78734222.53,911.7422969,1772.864,6035,1245,13.91
4/4/2016,11.1,34907,146172,78766175.66,874.3045498,1851.6657,6086,1502,13.8
4/5/2016,10.39,39173,147380,78797750.5,818.7086277,1865.48,6033,1528,13.94
4/6/2016,10.79,32078,148499,78829013.16,850.565052,1844.567,6004,1337,14.07
4/7/2016,10.08,31893,149643,78860180.5,794.9106194,1769.2094,5953,1404,14.16
4/8/2016,9.74,34010,150453,78892094.88,768.4090041,1920.6299,6102,1541,13.81
4/9/2016,9.16,31923,151383,78923008.47,722.9347576,1931.9635,5933,1318,14.12
4/10/2016,8.8,32237,152608,78954790.19,694.8021537,1988.8526,6065,1281,13.82
4/11/2016,8.72,30327,153660,78985756.75,688.7557989,1941.1691,5937,1262,14.14
4/12/2016,7.53,34673,154885,79017139.56,594.9990609,1905.1962,6015,1451,13.91
4/13/2016,8.02,36051,156088,79048625.66,633.9699778,1982.2295,6015,1477,13.95
4/14/2016,8.48,34781,157073,79080026.75,670.5986268,2010.6356,6021,1406,13.91
4/15/2016,8.22,34959,157904,79111760.19,650.2986687,2060.9441,6059,1412,13.86
4/16/2016,8.48,30483,158682,79143291.44,671.1351114,2114.0102,6019,1215,13.93
4/17/2016,9.45,40203,159556,79174794.56,748.2018086,2049.9112,6015,1917,13.91
4/18/2016,8.92,33513,160474,79206654.09,706.5233545,2171.2487,6055,1351,13.79
4/19/2016,8.77,32622,161308,79237980.66,694.9170904,2175.4428,5969,1317,14
4/20/2016,8.54,32944,162317,79269812.06,676.964195,2203.5227,6050,1359,13.88
4/21/2016,8.15,37181,164290,79301185.97,646.3046656,2236.3551,5990,1504,14
4/22/2016,7.83,31678,165351,79332762.69,621.1755318,2164.6218,6031,1291,13.94
4/23/2016,8.31,31845,166350,79364456.28,659.5186317,2253.0424,6051,1270,13.89
4/24/2016,8,34046,167428,79395951.28,635.1676103,2222.16,5981,1433,13.95
4/25/2016,7.43,35430,168546,79428088.31,590.1506962,2334.1663,6104,1399,13.7
4/26/2016,7.5,32582,169724,79459376.13,595.9453209,2275.5506,5952,1344,14.05
4/27/2016,7.77,33847,170969,79491251.13,617.6470212,2274.0961,6062,1314,13.87
4/28/2016,7.3,34343,172060,79522933.63,580.5174155,2332.609,6030,1408,13.88
4/29/2016,7.51,37332,173151,79554617.22,597.4551753,2381.196,6030,1423,13.88
4/30/2016,8.83,45769,179195,79586508.94,702.7488739,2464.3749,6058,1588,13.84
5/1/2016,8.76,39578,181732,79617521.75,697.4494905,2483.9739,5942,1681,14.09
5/2/2016,10.03,41748,185706,79649433.31,798.8838161,2366.3607,6080,1480,13.86
5/3/2016,9.37,37821,187283,79681224.56,746.6130742,2514.4874,6054,1446,13.78
5/4/2016,9.43,37484,188964,79712683.31,751.6906036,2466.9919,5980,1498,14.04
5/5/2016,9.79,38707,190554,79744463.31,780.6982958,2469.4398,6037,1486,13.92
5/6/2016,9.27,41271,191961,79776200.97,739.525383,2487.3635,6022,1625,13.91
5/7/2016,9.3,35864,193317,79807774.09,742.2122991,2479.4817,5988,1375,13.97
5/8/2016,9.44,40063,194961,79839623.31,753.6860441,2524.4188,6051,1530,13.83
5/9/2016,9.32,38560,196739,79871424.72,744.4016784,2527.5545,6044,1460,13.96
5/10/2016,9.39,40684,198321,79903125.66,750.2903499,2611.3974,6012,1481,13.85
5/11/2016,9.97,40811,200962,79934378.78,796.9457564,2494.9291,5914,1559,14.22
5/12/2016,10.1,45002,204086,79966635.81,807.6630217,2570.3669,6099,1679,13.69
5/13/2016,10.48,47737,206863,79998832.53,838.3877649,2740.3505,6064,1674,13.65
5/14/2016,10.14,45745,209138,80030500.34,811.5092735,2678.8075,5958,1683,13.93
5/15/2016,9.94,43073,211568,80062308.94,795.8193508,2703.4159,6015,1540,13.94
5/16/2016,11.04,37424,213318,80093820.5,884.2357783,2700.3155,5961,1491,14.03
5/17/2016,12.26,40309,215820,80126012.69,982.3449155,2695.5977,6071,1515,13.74
5/18/2016,13.29,46033,220927,80158417.06,1065.305363,2776.5532,6063,1689,13.85
5/19/2016,14.49,44523,224845,80190320.66,1161.957746,2874.0021,6011,1576,13.96
5/20/2016,13.73,45177,230158,80222410.34,1101.453694,2921.191,6037,1677,13.9
5/21/2016,13.95,43621,234753,80254249.88,1119.546786,2953.0599,5981,1673,14.02
5/22/2016,14.21,38895,237169,80286506.13,1140.871252,2939.4714,6084,1494,13.8
5/23/2016,13.45,43806,239919,80318586.75,1080.284992,2945.5758,6013,1568,13.91
5/24/2016,12.62,42911,242437,80350590.03,1014.024446,2979.1646,6010,1528,14
5/25/2016,12.53,46443,245842,80382947.06,1007.198327,2991.9856,6029,1670,13.91
5/26/2016,12.37,51147,248713,80414991.44,994.7334441,3081.46,6019,1733,13.89
5/28/2016,11.56,70148,261602,80447310.03,929.970904,3125.7879,6019,2436,13.85
5/27/2016,11.11,49006,265876,80479631.75,894.1287087,3061.2168,6045,1727,13.8
5/29/2016,12.28,45890,269270,80511604.09,988.6824983,3190.3497,6001,1675,13.91
5/30/2016,12.48,42927,271793,80543608.16,1005.18423,3155.462,6007,1543,13.92
5/31/2016,13.85,44386,274614,80575141.13,1115.965705,3143.7122,5936,1594,14.14
6/1/2016,13.83,42221,277124,80607285.34,1114.798756,3063.31,6039,1562,13.88
6/2/2016,13.78,39666,279202,80639467.53,1111.211863,3147.8944,6072,1453,13.86
6/3/2016,13.78,39834,281283,80671739.72,1111.656573,3308.693,6029,1429,13.81
6/4/2016,13.66,37875,283172,80703881.28,1102.415018,3298.56,6016,1409,13.85
6/5/2016,13.85,37896,285007,80735464.41,1118.186182,3255.0754,5963,1396,13.99
6/6/2016,13.96,38957,287195,80767836.28,1127.518994,3351.4061,6108,1426,13.69
6/7/2016,14.41,46141,293517,80799782.22,1164.324862,3360.3335,5990,1693,13.95
6/8/2016,14.44,40433,295834,80832085.19,1167.21531,3370.3852,6091,1437,13.79
6/9/2016,14.49,39854,298208,80864311.13,1171.723868,3545.2821,6092,1477,13.75
6/10/2016,13.97,40145,300769,80895475.34,1130.109791,3343.8621,5902,1437,14.21
6/11/2016,14.01,36901,303280,80927850.81,1133.79919,3473.5992,6114,1382,13.68
6/12/2016,15.57,42581,306177,80960067.69,1260.548254,3454.4361,6065,1463,13.86
6/13/2016,17.55,46185,311130,80992291.91,1421.414723,3595.9303,6084,1599,13.85
6/14/2016,18.7,50335,315391,81024437.38,1515.156979,3640.3548,6035,1713,13.82
6/15/2016,18.3,43251,318367,81056304.41,1483.330371,3635.0092,6007,1523,13.91
6/16/2016,20.61,43392,323909,81088182.06,1671.227432,3607.392,6015,1604,13.97
6/17/2016,15.49,66558,337984,81121598.47,1256.57356,3500.2236,5849,2138,14.03
6/18/2016,11.36,63083,352687,81155985.66,921.9319971,3366.6746,5889,2044,13.76
6/19/2016,12.33,51035,359236,81189181.13,1001.062603,3728.4821,6222,1624,13.43
6/20/2016,11.7,47118,364968,81220895.97,950.2844828,3698.1504,5949,1709,14.03
6/21/2016,12.71,47323,369392,81252884.41,1032.724161,3631.418,5999,1629,13.97
6/22/2016,13.21,48615,375128,81285555.03,1073.782182,3789.5576,6139,1614,13.65
6/24/2016,14.25,45331,378933,81317726.91,1158.777608,3872.1134,6042,1638,13.84
6/23/2016,13.58,41908,382466,81349575.03,1104.727229,3855.5441,6003,1513,14.01
6/25/2016,14.28,36684,384815,81381260.97,1162.124407,3858.2335,5998,1415,13.98
6/26/2016,13.82,41613,387234,81413575.66,1125.135616,3953.8207,6052,1453,13.85
6/27/2016,14.04,39663,389903,81445670.5,1143.497214,4028.7283,6052,1410,13.89
6/28/2016,12.15,43089,393251,81477831.91,989.9556577,4098.3325,6067,1482,13.8
6/29/2016,12.76,49897,396171,81509701.91,1040.063796,3987.5764,5991,1792,14.01
6/30/2016,12.4,63952,398289,81541688,1011.116931,3985.283,5985,2367,13.97
7/1/2016,12.23,40085,401254,81574306.28,997.6537658,4079.6463,6127,1380,13.71
7/2/2016,12.04,39257,403829,81606222.84,982.538923,4128.3988,6003,1382,13.95
7/3/2016,11.85,39757,407099,81638262.53,967.413411,4218.2585,6045,1404,13.91
7/4/2016,11.34,39950,409961,81670403.47,926.1423753,4220.1757,6067,1415,13.85
7/5/2016,10.45,39270,413875,81701981.28,853.7857044,4207.4557,5949,1470,14.11
7/6/2016,10.51,37900,416917,81734336.13,859.0278727,4197.2067,6088,1409,13.75
7/7/2016,10.07,40433,420028,81766232.06,823.3859569,4204.9805,6036,1414,13.93
7/8/2016,11.3,42506,423126,81798181.59,924.319452,4178.4236,5996,1581,14.01
7/9/2016,10.92,40410,427153,81830979.72,893.5942985,4178.8499,6126,1417,13.71
7/10/2016,10.97,39358,430282,81862945.19,898.0365087,4246.1162,6046,1407,13.92
7/11/2016,10.58,38582,432814,81894930.5,866.4483647,4316.679,6029,1421,13.87
7/12/2016,10.54,40811,436469,81926691.59,863.5073294,4341.3838,6006,1567,13.99
7/13/2016,10.44,35740,439291,81958850.19,855.650396,4376.3964,6086,1357,13.85
7/14/2016,11.55,42809,442427,81990660.97,946.9921342,4336.1406,6001,1536,13.96
7/15/2016,11.88,41110,445925,82022545.66,974.4278424,4244.7849,5988,1457,14.04
7/16/2016,11.59,38062,448149,82054716.13,951.0141599,4308.5953,6081,1349,13.78
7/17/2016,11.19,33914,449627,82086493.47,918.5478619,4336.7179,6029,1264,13.94
7/18/2016,11.03,39198,452120,82118991.59,905.7724773,4437.5176,6109,1397,13.69
7/19/2016,11.63,44184,455066,82150765.5,955.4134028,4369.9745,5970,1502,14
7/20/2016,12.54,50631,459828,82182680.34,1030.570812,4277.1166,5946,1718,14.05
7/21/2016,12.66,44882,463245,82215464.09,1040.847775,4437.1791,6154,1522,13.65
7/22/2016,14.82,48458,467682,82247154.72,1218.902833,4291.8557,5957,1641,14.08
7/23/2016,14.4,45006,471467,82279549.72,1184.825516,4449.4236,6093,1496,13.84
7/24/2016,12.63,58215,475286,82311025.97,1039.588258,4372.8166,5937,1797,14.16
7/25/2016,13.84,54856,479819,82343017.53,1139.627363,4225.539,6030,1737,13.94
7/26/2016,12.08,61930,485119,82373795.03,995.075444,4064.894,5809,1946,14.42
7/27/2016,13.05,53035,490249,82406732.84,1075.407864,3791.4432,6175,1706,13.79
7/28/2016,12.87,48555,493294,82439087.06,1060.99105,3974.6171,6081,1610,14.21
7/29/2016,12.87,47243,496589,82471026.44,1061.40211,3869.0261,5979,1598,14.45
7/30/2016,12.57,42011,498814,82502668.16,1037.058539,3833.054,5981,1460,14.44
7/31/2016,11.86,48749,501305,82534887.69,978.863768,3859.1788,6029,1585,14.33
8/1/2016,11.04,45978,503754,82566482.06,911.533962,3811.4589,5961,1561,14.49
8/2/2016,8.3,49041,507459,82597837.22,685.5620489,3509.0712,5894,1687,14.66
8/3/2016,10.42,49475,510443,82629544.88,860.9998576,3425.8341,5984,1665,14.44
8/4/2016,11.21,46761,513258,82662397.69,926.6454781,3713.5399,6192,1617,13.95
8/5/2016,11.05,43212,515463,82694629.72,913.7756584,3788.6608,6065,1527,14.24
8/6/2016,10.95,41487,517347,82726219.56,905.8521042,3712.8702,5978,1465,14.46
8/7/2016,10.98,42955,519108,82758510.66,908.688447,3823.9977,6077,1473,14.22
8/8/2016,11.29,42984,521038,82790686.59,934.7068516,3890.3127,6059,1504,14.26
8/10/2016,12.22,46290,523626,82822849.56,1012.095222,4188.2693,6054,1607,14.27
8/9/2016,12.22,47057,526538,82855515.97,1012.494405,4080.0038,6130,1592,14.1
8/11/2016,11.68,48171,529018,82887720.81,968.1285791,4270.9885,6068,1621,14.24
8/12/2016,11.78,44400,531192,82919824.09,976.7955278,4237.0475,6014,1559,14.37
8/13/2016,11.56,41088,532827,82951823,958.9230739,4228.4036,6032,1431,14.32
8/14/2016,11.21,40577,534412,82983791.91,930.2483073,4225.0655,6034,1406,14.32
8/15/2016,11.21,42302,536080,83016120.81,930.6107143,4251.9922,6090,1467,14.19
8/16/2016,11.17,48949,537798,83048158,927.6479249,4385.5314,6054,1621,14.27
8/17/2016,10.77,44867,539428,83080152.53,894.7732428,4329.829,6009,1532,14.38
8/18/2016,10.77,47799,541085,83112941.59,895.126381,4368.166,6100,1663,14.16
8/19/2016,10.71,42948,542717,83144783,890.4806259,4409.826,6014,1491,14.37
8/20/2016,11.28,41318,544620,83177018.63,938.2367701,4516.0321,6055,1453,14.27
8/21/2016,11.14,42543,546514,83209710.97,926.9561802,4513.7179,6084,1480,14.2
8/22/2016,11.07,44250,548109,83242003.78,921.4889819,4601.7622,6078,1526,14.22
8/23/2016,11.01,48430,550573,83274187.69,916.8488064,4631.2453,6015,2023,14.36
8/24/2016,11.01,46821,552384,83306461.13,917.204137,4650.6361,6053,1590,14.28
8/25/2016,11.35,49868,554545,83338596.75,945.8930731,4815.0103,6094,1663,14.18
8/26/2016,11.26,47292,556489,83370468.16,938.7514714,4932.0395,6006,1610,14.39
8/27/2016,11.19,47938,557883,83402774.56,933.2770474,4919.3846,6076,1586,14.22
8/28/2016,10.99,42607,559482,83434802.53,916.9484798,4865.2902,6035,1451,14.32
8/29/2016,10.95,45510,561294,83466728.94,913.9606819,4814.9702,6014,1572,14.37
8/30/2016,11.21,46979,563151,83498603.78,936.0193484,4812.1623,6026,1616,14.34
8/31/2016,11.55,45846,565136,83530738.31,964.7800275,4912.9748,6073,1538,14.22
9/1/2016,12.21,47491,567294,83562483,1020.297917,4966.2194,5989,1583,14.43
9/2/2016,12.08,55413,569263,83594867.06,1009.825994,5019.0583,6088,1850,14.18
9/3/2016,11.85,44792,571037,83626363,990.9724016,4789.3796,5949,1513,14.53
9/4/2016,11.71,48128,572702,83658227.06,979.6378389,4635.7113,6023,1719,14.34
9/5/2016,11.75,42667,574371,83690416.75,983.3623968,4827.2541,6076,1512,14.22
9/6/2016,11.7,49102,576228,83722098.16,979.5485484,4792.9349,5993,1722,14.42
9/7/2016,11.59,48701,577984,83754365.97,970.7131016,4926.6069,6118,1692,14.11
9/8/2016,11.39,55970,579977,83786274.56,954.3256673,4824.1998,6016,1900,14.37
9/9/2016,11.72,53918,582016,83818491.44,982.3527196,4852.4709,6074,1853,14.23
9/10/2016,12.05,42875,583909,83850322.06,1010.396381,4908.3645,5999,1508,14.4
9/11/2016,11.64,43345,585641,83882675.03,976.3943374,5077.4945,6093,1460,14.18
9/12/2016,11.89,45123,588032,83914912.06,997.7483044,5053.5361,6063,1585,14.25
9/13/2016,11.92,42591,589982,83946816.91,1000.646058,5041.1066,6003,1497,14.39
9/14/2016,11.97,53859,591822,83979345.66,1005.232768,5182.9774,6091,1758,14.18
9/15/2016,11.96,52622,593560,84011528.47,1004.77788,5178.7626,6031,1743,14.32
9/16/2016,12.61,57532,595415,84043767.53,1059.791909,5166.6579,6065,2020,14.25
9/17/2016,12.83,46882,597259,84075922.53,1078.694086,5341.3299,6044,1588,14.3
9/18/2016,12.39,37893,598924,84105496.44,1042.067101,4904.1278,5598,1433,15.43
9/19/2016,12.93,40505,599907,84139773.31,1087.927269,4750.378,6409,1341,13.48
9/20/2016,14.72,54067,602298,84172265.81,1239.015753,5422.6074,6167,1689,14.01
9/21/2016,13.72,44549,605237,84204349.56,1155.283676,5525.5828,6062,1598,14.25
9/22/2016,13.11,52657,606968,84235955.19,1104.333373,5071.3503,5746,1876,15.04
9/23/2016,13.36,35219,608507,84270235.19,1125.850342,5305.6755,6226,1280,13.87
9/24/2016,12.91,43418,610118,84303560.03,1088.35896,5103.0049,5877,1526,14.71
9/25/2016,13.05,38713,612211,84337950.5,1100.610254,5555.4792,6267,1387,13.79
9/26/2016,12.89,43514,613935,84370081.28,1087.530348,5200.9835,5843,1545,14.79
9/27/2016,13.09,46817,615620,84405365.66,1104.866236,5120.341,6053,1661,14.27
9/29/2016,13.17,40416,618271,84437679.09,1112.044234,6022.4118,6126,1442,14.11
9/28/2016,13.3,42797,620099,84470082.53,1123.452098,5846.2348,6106,1561,14.15
9/30/2016,13.24,35836,622544,84501705.81,1118.802585,5880.2036,6008,1437,14.37
10/1/2016,13.21,53076,624508,84536184.41,1116.722996,5152.6442,5780,1810,14.96
10/2/2016,13.23,51105,627061,84571945.19,1118.886835,5483.6261,6068,1687,14.04
10/3/2016,13.45,47672,629658,84605219.72,1137.940205,5953.6984,6204,1719,13.85
10/4/2016,13.32,56662,653826,84637271.13,1127.368451,6202.7305,6077,2192,14.13
10/5/2016,13.09,41719,656302,84670352.69,1108.334917,5577.4987,5817,1802,14.69
10/6/2016,12.87,36826,659011,84703194.56,1090.130114,5922.4732,5953,1938,14.44
10/7/2016,12.68,43708,661379,84739746.44,1074.499985,4970.4163,5887,4119,14.4
10/8/2016,12.24,37690,664537,84775841.13,1037.656295,5604.5061,6200,5429,13.73
10/9/2016,12.06,43940,667329,84809266.75,1022.799757,6061.2059,6049,5683,14.17
10/10/2016,11.74,44940,686320,84842397.69,996.0497489,6191.8909,6041,12725,14.16
10/11/2016,11.75,41053,692167,84874877.22,997.2798073,6396.5054,6050,2762,14.2
10/12/2016,11.77,30002,700440,84907969.88,999.3668054,5894.3176,5910,1248,14.48
10/13/2016,12.02,32244,716073,84942796.13,1021.012409,5992.5502,6114,1306,13.94
10/14/2016,11.9,42006,728429,84975709.88,1011.210948,6610.6347,6079,1400,14.13
10/15/2016,11.96,33662,731881,85007917.06,1016.694688,6775.8615,6027,1236,14.25
10/16/2016,11.93,34990,736985,85040847.38,1014.537309,6765.6017,6055,1297,14.2
10/17/2016,11.98,38136,741716,85073225.19,1019.177238,6470.6153,5959,1377,14.39
10/18/2016,12.5,51898,746368,85106545.5,1063.831819,6728.4087,6119,1747,14
10/19/2016,11.98,38497,747915,85139695.19,1019.973548,6385.8647,5774,1638,14.74
10/20/2016,12.05,43438,749504,85174224.25,1026.349402,6900.1594,6298,1466,13.65
10/21/2016,12.07,57780,751013,85206351.13,1028.440658,7307.962,6097,1724,14.11
10/22/2016,12.06,37772,752751,85238053.78,1027.970929,7382.1642,6041,1357,14.24
10/23/2016,11.95,35364,754105,85269385.66,1018.969159,7219.1314,5993,1292,14.38
10/24/2016,11.93,52547,755748,85301447.53,1017.646269,7277.3711,6065,1791,14.15
10/25/2016,11.38,47610,758849,85333112.06,971.0908153,7459.7244,6028,1675,14.26
10/26/2016,11.5,45158,760844,85365068.94,981.6982928,7503.7485,6096,1550,14.13
10/27/2016,11.43,44353,762714,85396513.94,976.0821543,7438.5065,6018,1518,14.29
10/28/2016,11.08,41522,765038,85427593,946.5377304,7120.6124,5943,1472,14.49
10/29/2016,10.39,40011,766865,85457222.53,887.9005421,5695.7524,5668,1461,15.16
10/30/2016,11.22,39435,768687,85489183,959.1886333,5454.259,6059,1422,14.18
10/31/2016,10.91,45031,770540,85521204.25,933.0363384,5869.6806,6092,1536,14.12
11/1/2016,10.75,49025,772838,85551702.69,919.6808039,5051.2126,5839,1689,14.75
11/2/2016,10.82,43519,777832,85582844.72,926.0063799,4531.1125,5952,1497,14.46
11/3/2016,10.86,42346,779820,85614060.66,929.7686987,4313.7141,5950,1471,14.46
11/4/2016,11.13,32572,781449,85644984.25,953.2286747,3971.1034,5904,1262,14.58
11/5/2016,11.11,37690,782988,85676408.78,951.8649016,3751.7897,5996,1358,14.33
11/6/2016,10.97,34391,784678,85708208.94,940.219052,3688.7432,6054,1289,14.17
11/7/2016,10.9,41941,786489,85741468,934.5820012,4362.9653,6315,1399,13.6
11/8/2016,10.86,41569,788550,85773795.19,931.5034157,4893.0046,6159,1476,13.97
11/9/2016,10.64,40517,791024,85804797.53,912.9630457,4786.721,5924,1484,14.49
11/10/2016,10.52,40164,793001,85836008.31,902.9948074,4399.0135,5966,1492,14.4
11/11/2016,10.29,41070,795241,85867347.69,883.5750077,4285.9637,5992,1462,14.37
11/12/2016,9.96,40882,797064,85899297.69,855.557005,4355.3253,6086,1426,14.12
11/13/2016,10.13,43673,799460,85931721.91,870.4883429,4718.0689,6203,1468,13.85
11/15/2016,10.22,45330,801577,85963158.94,878.5434843,4926.4165,6006,1577,14.33
11/14/2016,10,43876,803432,85995043.16,859.9504316,4872.7435,6067,1576,14.13
11/16/2016,10.01,41684,805304,86026624.56,861.1265119,4858.6238,6045,1481,14.21
11/17/2016,9.95,40738,807112,86057433.16,856.2714599,4660.1084,5868,1476,14.61
11/18/2016,9.53,43785,809162,86090533.94,820.4427884,4933.6367,6289,1514,13.67
11/19/2016,9.7,39289,810733,86122865.03,835.3917908,5252.2465,6150,1375,13.92
11/20/2016,9.57,42125,812403,86155325.19,824.506462,5747.4276,6179,1473,13.87
11/21/2016,9.56,42735,814569,86187136.75,823.9490273,6067.3139,6073,1537,14.12
11/22/2016,9.84,53585,816176,86218314.25,848.3882122,5664.3154,5922,1708,14.47
11/23/2016,9.78,64289,817840,86250939.88,843.534192,5299.0298,5837,1950,14.5
11/24/2016,9.22,36861,819485,86283337.53,795.532372,5416.4349,5914,1424,14.44
11/25/2016,9.39,58075,840006,86316772.38,810.5144926,5623.5357,6111,1767,14.13
11/26/2016,9.34,40804,843172,86349268.31,806.502166,5881.8116,5938,1501,14.56
11/27/2016,8.91,44449,845997,86382979.41,769.6723465,5584.128,5945,1703,14.53
11/28/2016,8.66,48388,847709,86416919.25,748.3705207,5765.2583,6042,1731,14.3
11/29/2016,8.18,47036,849474,86449890.34,707.160103,5881.2257,5988,1692,14.43
11/30/2016,8.59,39178,851332,86481730.34,742.8780637,5904.5764,6061,2209,14.26
12/1/2016,8.44,37121,852988,86513478.63,730.1737596,5991.9926,6057,1407,14.27
12/2/2016,7.65,41642,856233,86545275.03,662.071354,6073.4179,6075,1462,14.22
12/3/2016,7.9,41357,862630,86577391.44,683.9613924,6099.6118,6160,1404,14
12/4/2016,7.54,39643,868190,86608563.94,653.0285721,5331.2802,5983,1403,14.4
12/5/2016,6.69,41613,874903,86639798.63,579.6202528,5198.7468,6004,1491,14.34
12/6/2016,7.61,48200,877485,86671774.25,659.572202,5148.711,6089,1615,14.09
12/7/2016,8.35,41757,879373,86703484.88,723.9740987,5264.3617,6073,1523,14.17
12/8/2016,8.3,39587,881066,86735578.94,719.9053052,5523.1193,6125,1416,14.03
12/9/2016,8.52,41444,882875,86767239.56,739.2568811,5658.9104,6050,1502,14.22
12/10/2016,8.09,40564,886258,86798915.97,702.2032302,5798.285,6075,1428,14.16
12/11/2016,8.2,39164,888937,86830698,712.0117236,5946.0499,6098,1681,14.11
12/12/2016,8.45,38741,890669,86862037.38,733.9842158,5719.9028,5999,1477,14.35
12/13/2016,8.4,44664,892266,86893847.38,729.908318,5874.665,6070,1538,14.17
12/14/2016,8.23,47294,895504,86925697.84,715.3984933,5861.5044,6080,1835,14.14
12/15/2016,7.76,46102,899270,86957065.66,674.7868295,5827.1006,6001,1582,14.33
12/16/2016,7.85,43953,901155,86988822.06,682.8622532,6031.5534,6075,1506,14.15
12/17/2016,7.66,39442,904251,87020784.41,666.5792086,6102.0636,6116,1418,14.07
12/18/2016,7.89,36640,906316,87052676.91,686.8456208,6284.0681,6096,1345,14.13
12/19/2016,7.61,45599,908427,87084147.38,662.7103615,6324.846,6032,1616,14.27
12/20/2016,7.59,44241,910765,87115816.28,661.2090456,6478.8654,6069,1536,14.19
12/21/2016,7.87,50793,912667,87147409.25,685.8501108,6449.9952,6070,1769,14.19
12/22/2016,7.64,55173,921440,87178483.31,666.0436125,6219.3619,5956,1762,14.42
12/23/2016,7.16,44391,925590,87209600.66,624.4207407,5797.7449,5954,1522,14.43
12/24/2016,7.23,37757,927358,87240927.53,630.7519061,5435.8074,6006,1361,14.33
12/25/2016,7.19,36601,928670,87272935.97,627.4924096,5672.4506,6127,1317,14.07
12/26/2016,7.21,34565,930087,87304580.66,629.4660265,5906.7133,6066,1294,14.18
12/27/2016,7.15,42370,931796,87335807.22,624.4510216,5725.5243,5998,1558,14.38
12/28/2016,7.57,43386,933815,87367378.63,661.3710562,5703.598,6056,1531,14.19
12/29/2016,8.21,46546,936427,87399197.38,717.5474104,5621.4968,6082,1678,14.12
12/30/2016,8.16,44561,938850,87430878.94,713.4359721,5670.0348,6063,1623,14.17
12/31/2016,8.05,41220,941811,87462107.06,704.0699619,5739.8584,5993,1544,14.34
1/1/2017,8.14,38730,943417,87493855.34,712.1999825,5746.3882,6111,1390,14.09
1/2/2017,8.33,39652,945665,87525386.13,729.0864664,5772.7032,6058,1458,14.21
1/3/2017,9.59,45883,948326,87556909.41,839.6707612,5701.1528,6035,1627,14.28
1/4/2017,10.88,50673,951853,87589008.94,952.9684172,6330.766,6141,1717,13.99
1/5/2017,10.2,49596,955172,87620825.97,893.7324249,6451.8286,6091,1676,14.1
1/6/2017,10.07,43804,958484,87652185.5,882.657508,6519.8016,6009,1593,14.32
1/7/2017,9.78,43622,961114,87684080.5,857.5503073,6730.0143,6108,1570,14.09
1/8/2017,10.27,42727,963314,87715764.88,900.8409053,6777.3147,6074,1557,14.13
1/9/2017,10.2,46188,965736,87747515.19,895.0246549,7001.3724,6082,1595,14.16
1/10/2017,10.55,48179,968054,87778864.56,926.0670211,6997.2239,6030,1686,14.27
1/11/2017,9.83,45221,970329,87810387.53,863.1761094,7054.4628,6047,1591,14.24
1/12/2017,9.81,50589,973959,87841944.25,861.7294731,7142.7291,6056,1697,14.21
1/13/2017,9.78,50833,977582,87873674.56,859.4045372,7277.2919,6106,1729,14.1
1/14/2017,9.78,42044,981025,87905152.69,859.7123933,7334.4015,6067,1499,14.18
1/15/2017,9.88,41748,983455,87936854.72,868.8161246,7443.4979,6085,1498,14.14
1/16/2017,9.59,45375,985864,87968395.03,843.6169084,7416.8136,6052,1575,14.22
1/17/2017,10.14,46671,988571,87999691.13,892.316868,7325.2279,6002,1642,14.36
1/18/2017,10.19,44994,991171,88031299.09,897.0389378,7318.3297,6065,1583,14.18
1/19/2017,10.43,43628,993689,88063420.19,918.5014726,7751.0819,6158,1552,14
1/20/2017,10.6,45775,996812,88094541.28,933.8021376,7527.1882,5963,1609,14.41
1/21/2017,10.91,43302,999192,88126065.03,961.4553695,7733.7168,6046,1504,14.27
1/22/2017,10.71,47432,1001830,88157642.84,944.1683549,7754.1077,6065,1616,14.18
1/23/2017,10.78,46076,1004532,88189141.28,950.678943,7918.1929,6048,1612,14.22
1/24/2017,10.51,50414,1006944,88220561.75,927.198104,7831.2888,6037,1754,14.23
1/25/2017,10.51,46256,1009369,88251985.34,927.528366,7811.0208,6010,1644,14.31
1/26/2017,10.65,46856,1012519,88283770.03,940.2221508,7995.4413,6081,1673,14.14
1/27/2017,10.51,46680,1014907,88314884.88,928.18944,7965.2252,5985,1658,14.36
1/28/2017,10.54,45189,1017588,88346412.84,931.1711914,7948.4087,6063,1628,14.21
1/29/2017,10.47,42509,1019716,88377545.97,925.3129063,7806.189,5960,1523,14.43
1/30/2017,10.62,45369,1022347,88409461.28,938.9084788,8008.7446,6094,1579,14.1
1/31/2017,10.71,43649,1024108,88440875.19,947.2017733,8035.4474,6018,1539,14.29
2/1/2017,10.71,44541,1026094,88472207.38,947.537341,7882.049,6009,1607,14.32
2/2/2017,10.78,43709,1028070,88503622.22,954.0690475,8117.6108,6047,1578,14.2
2/3/2017,10.95,42778,1029880,88534895.5,969.4571057,7901.9704,5990,1568,14.38
2/4/2017,11.32,45410,1032097,88566656.28,1002.574549,8085.6263,6078,1560,14.12
2/5/2017,11.22,46542,1033882,88598257.84,994.072453,8480.8345,6077,1614,14.16
2/6/2017,11.32,47306,1035599,88629881.44,1003.290258,8517.039,6050,1606,14.21
2/7/2017,11.45,51866,1037811,88661372.84,1015.172719,8437.3906,5998,1827,14.34
2/8/2017,11.39,51089,1040358,88693080.81,1010.21419,8613.5409,6067,1764,14.18
2/9/2017,10.94,47873,1042268,88724508,970.6461175,8630.2683,6029,1630,14.25
2/10/2017,11.34,52222,1044332,88756004.41,1006.49309,8851.2981,6040,1735,14.23
2/11/2017,11.43,46560,1046267,88787594.25,1014.842202,8899.597,6038,1594,14.22
2/12/2017,11.42,45319,1048901,88819163.94,1014.314852,9024.3553,6059,1571,14.21
2/13/2017,11.39,55990,1051104,88850898,1012.011728,9091.8695,6070,1823,14.19
2/14/2017,13,58298,1053923,88882368.94,1155.470796,9220.0798,6023,1914,14.29
2/15/2017,12.97,55320,1056702,88914090.34,1153.215752,9298.392,6089,1818,14.14
2/16/2017,12.95,49674,1058825,88945630.19,1151.845911,9286.9502,6052,1661,14.22
2/17/2017,12.72,49406,1060926,88976958,1131.786906,9441.935,6012,1661,14.33
2/18/2017,12.83,49398,1063883,89008169.72,1141.974817,9563.2843,5999,1773,14.34
2/19/2017,12.82,48227,1065920,89039436.91,1141.485581,9739.2103,6019,1635,14.31
2/20/2017,12.52,50152,1068400,89070824.72,1115.166725,9701.1651,6015,1696,14.31
2/21/2017,12.77,58434,1071424,89102241.59,1137.835625,10010.5654,6052,1989,14.2
2/22/2017,12.69,50372,1073757,89133228.94,1131.100675,9878.51,5968,1790,14.43
2/23/2017,13.13,47601,1076071,89164458.47,1170.72934,9956.9834,6019,1667,14.29
2/24/2017,13.11,54081,1078758,89195722.06,1169.355916,9921.6984,6011,1778,14.34
2/25/2017,13.57,53245,1081093,89227275.97,1210.814135,10123.88,6039,1761,14.28
2/26/2017,14.59,51716,1083604,89259096.13,1302.290212,10602.6615,6089,1713,14.12
2/27/2017,15.55,52642,1086792,89290342.53,1388.464826,10625.274,5988,1819,14.37
2/28/2017,16.07,60277,1091303,89322198.63,1435.407732,11119.9788,6107,1935,14.08
3/1/2017,17.55,59774,1098329,89353343.47,1568.151178,10718.1257,5958,2235,14.45
3/2/2017,19.08,70779,1104821,89384974.41,1705.465312,10915.3639,6061,2209,14.2
3/3/2017,19.48,64294,1111646,89416273.31,1741.829004,11419.5855,6006,2084,14.31
3/4/2017,18.61,58756,1115958,89447445.97,1664.616969,11171.4309,5985,1860,14.37
3/5/2017,19.22,57031,1120047,89479007.84,1719.786531,11701.7413,6073,1821,14.18
3/6/2017,19.75,57020,1124705,89510160.97,1767.825679,11736.4413,5977,1808,14.41
3/7/2017,18.91,62589,1128534,89541229.72,1693.224654,11651.4652,5978,1963,14.43
3/8/2017,16.54,55386,1132810,89572555.66,1481.530071,12138.6545,6016,1800,14.29
3/9/2017,17.71,64266,1139420,89603365.19,1586.875597,12105.6647,5928,2403,14.54
3/10/2017,19.13,65132,1145555,89634392.22,1714.705923,12144.0613,5953,2190,14.43
3/11/2017,21.45,64803,1151496,89665627.69,1923.327714,12381.3095,6002,2014,14.35
3/12/2017,23.31,66646,1158864,89696477.22,2090.824884,12404.6584,5919,2043,14.53
3/13/2017,28.45,81718,1170758,89728090.97,2552.764188,12817.8346,6040,2452,14.25
3/14/2017,28.58,77155,1180408,89759305.81,2565.32096,12624.5995,5961,2433,14.43
3/15/2017,35.18,81205,1190919,89790683.47,3158.836244,13008.71,5986,2456,14.37
3/16/2017,45.51,109950,1208579,89822111.44,4087.804292,13093.3706,5990,3071,14.37
3/17/2017,44.48,106635,1224321,89853953.31,3996.703843,13708.6332,6046,2880,14.22
3/18/2017,34,89920,1236276,89885435.66,3056.104812,13956.1955,5991,2513,14.36
3/19/2017,43.12,84599,1244923,89916430.19,3877.19647,13381.2912,5950,2396,14.48
3/20/2017,42.51,80264,1254137,89948100.5,3823.693752,14240.8505,6066,2316,14.15
3/21/2017,42.67,84298,1264243,89979116.91,3839.408918,14004.9233,5957,2507,14.46
3/22/2017,41.65,78821,1272509,90010489.25,3748.936877,14303.7526,6008,2368,14.31
3/23/2017,43.2,82434,1280501,90041470.19,3889.791512,14696.6462,5914,2513,14.55
3/24/2017,53.19,87775,1291931,90072311.13,4790.946229,14717.153,5913,2557,14.54
3/25/2017,50.62,84394,1301464,90103373.94,4561.032789,14850.0107,5962,2428,14.44
3/26/2017,50.63,79534,1308803,90134549.41,4563.512236,15592.211,5981,2375,14.37
3/27/2017,49.06,94570,1320623,90165551.59,4423.521961,16234.1177,5951,2896,14.45
3/28/2017,50.25,84348,1329617,90196107.06,4532.35438,15956.633,5900,2543,14.61
3/29/2017,53.07,93064,1338529,90227375.34,4788.366809,16444.6814,5988,2744,14.36
3/30/2017,51.91,96209,1352837,90258195.19,4685.302912,16508.1931,5910,2853,14.57
3/31/2017,49.91,103102,1367188,90289403.47,4506.344127,16923.4135,5971,2949,14.39
4/1/2017,50.6,80572,1374894,90320254.41,4570.204873,16684.6609,5926,2403,14.51
4/2/2017,48.55,88948,1385185,90350695.19,4386.526251,16718.5386,5846,2669,14.7
4/3/2017,44.13,100221,1398126,90381881.44,3988.552428,15983.0117,5979,2788,14.4
4/4/2017,44.43,86279,1408346,90412936.75,4017.04678,16872.131,5932,2518,14.49
4/5/2017,44.9,87411,1418641,90444172.06,4060.943326,17294.066,5986,2558,14.41
4/6/2017,43.23,95177,1432417,90474896.44,3911.229773,17238.063,5880,2799,14.65
4/7/2017,42.31,92846,1440597,90505970.97,3829.307632,17541.6491,5946,2776,14.47
4/8/2017,44.37,72144,1447313,90536886.59,4017.121658,17605.5606,5936,2249,14.52
4/9/2017,43.72,74557,1453300,90567128.63,3959.594863,17278.0448,5797,2358,14.9
4/10/2017,43.74,75487,1460327,90597165.81,3962.720033,17285.4863,5758,2460,14.97
4/11/2017,43.74,75891,1466464,90627616.28,3964.051936,17900.816,5849,2377,14.76
4/12/2017,46.38,80347,1476683,90657833.31,4204.710309,17672.1498,5779,2697,14.98
4/13/2017,49.97,84124,1485120,90688173.16,4531.688013,17325.6847,5798,2589,14.88
4/14/2017,47.32,81155,1492214,90719162.84,4292.830786,18877.3819,5908,2451,14.62
4/15/2017,48.89,74820,1498803,90749160.97,4436.72648,18356.8933,5721,2348,15.08
4/16/2017,48.22,70634,1503386,90779668.16,4377.395598,18623.6556,5820,2220,14.85
4/17/2017,47.94,72546,1509763,90810315.66,4353.446533,18986.8175,5861,2309,14.73
4/18/2017,49.88,83303,1518090,90840832.38,4531.140719,19532.6738,5861,2603,14.67
4/19/2017,47.88,85734,1526805,90870444.56,4350.876886,19426.3047,5718,2664,15.06
4/20/2017,49.36,85450,1536829,90900866.75,4486.866783,19598.4726,5859,2581,14.67
4/21/2017,48.27,81278,1548026,90931344.09,4389.255979,20064.6867,5878,2691,14.67
4/22/2017,48.41,73539,1555797,90961334.41,4403.438199,20304.9606,5792,2429,14.87
4/23/2017,48.75,77073,1562427,90991825.66,4435.851501,20695.5064,5864,2393,14.67
4/24/2017,49.94,80531,1572073,91021611.13,4545.61926,19854.8535,5721,2553,15.06
4/25/2017,50.09,93033,1580035,91052368.94,4560.81316,20759.4397,5897,2803,14.57
4/26/2017,53.28,89642,1596565,91081701.13,4852.833036,20518.0576,5637,2724,15.27
4/27/2017,63.14,104494,1612349,91111031.13,5752.750505,20819.5764,5642,3095,15.25
4/28/2017,72.42,106193,1624667,91140713.16,6600.410447,22094.2863,5697,3178,15.12
4/29/2017,69.83,91335,1635440,91169930.81,6366.396269,22674.7072,5626,2793,15.29
4/30/2017,79.83,95202,1647543,91199299.41,7280.440072,22071.893,5648,3064,15.25
5/1/2017,77.53,112202,1663543,91228656.91,7072.95777,22307.6652,5624,3544,15.32
5/2/2017,77.25,110354,1678680,91258093.31,7049.687708,22218.5493,5619,3461,15.29
5/3/2017,80.37,97334,1690254,91287645.97,7336.788107,22633.4701,5649,3028,15.21
5/4/2017,94.55,114877,1708629,91317072.53,8634.029208,22403.1399,5649,3351,15.25
5/5/2017,90.79,108514,1724130,91346771.44,8293.373379,23427.2382,5675,3171,15.15
5/6/2017,94.82,95014,1739516,91376474.88,8664.317348,23416.8712,5678,2934,15.14
5/7/2017,90.46,106631,1758488,91406355.03,8268.618876,23766.8199,5718,3322,15.07
5/8/2017,88.39,117509,1777158,91435780.97,8082.00868,23598.8389,5640,3409,15.24
5/9/2017,86.27,112933,1797526,91465535.97,7890.731788,24510.4648,5672,3376,15.13
5/10/2017,87.83,109673,1817872,91495150.81,8036.019096,24265.0815,5648,3227,15.19
5/11/2017,88.2,117189,1837631,91524885.34,8072.494887,24906.8722,5702,3352,15.03
5/12/2017,85.15,107241,1853657,91554775.03,7795.889094,25468.5261,5688,3154,15.1
5/13/2017,87.96,101332,1867571,91584028.31,8055.73113,24940.8708,5591,3065,15.39
5/14/2017,88.72,101348,1881351,91612245.81,8127.838448,25763.6063,5402,3140,15.92
5/15/2017,90.32,122792,1899209,91640708.16,8276.988761,26374.7001,5401,3831,15.9
5/16/2017,87.8,116341,1919681,91669426.13,8048.575614,26951.5322,5457,3644,15.67
5/17/2017,86.98,140135,1942480,91697325.03,7975.833331,25673.1355,5325,4305,16.1
5/18/2017,95.88,137409,1964727,91725805.81,8794.670261,26756.3545,5462,4245,15.74
5/19/2017,124.38,161568,1993428,91754187.06,11412.38579,27662.8126,5424,4801,15.83
5/20/2017,123.06,130912,2017264,91782839.09,11294.79618,28704.8846,5489,4179,15.59
5/21/2017,148,149699,2041878,91811493.16,13588.10099,29014.4596,5437,4586,15.77
5/22/2017,160.39,176255,2074888,91840262.38,14730.25968,29819.2767,5468,5328,15.71
5/23/2017,169.5,187121,2119587,91868838.47,15571.76812,28807.8371,5419,6627,15.83
5/24/2017,193.03,187293,2162097,91897482.84,17738.97111,29413.4293,5427,6666,15.77
5/25/2017,177.33,183010,2201139,91926318,16301.29397,29573.7133,5465,5952,15.71
5/26/2017,162.83,169818,2235403,91955285.5,14973.07914,29752.9865,5492,5559,15.57
5/27/2017,156.63,149450,2262189,91984057.22,14407.46288,30399.6414,5439,5127,15.76
5/28/2017,172.86,155271,2288310,92012880.5,15905.34652,30319.4003,5453,5379,15.7
5/29/2017,194.17,158547,2316858,92042417.84,17871.87627,32344.9504,5579,4922,15.32
5/30/2017,228.58,193618,2360680,92072237.22,21045.87198,33952.2769,5581,7069,15.3
5/31/2017,228.64,214126,2406002,92100985.66,21057.96936,33166.6989,5412,6843,15.87
6/1/2017,220.7,199160,2445012,92129055.03,20332.88245,35032.0837,5276,6541,16.22
6/2/2017,222.04,194911,2486438,92155875.66,20462.29063,34748.1009,5087,7542,16.82
6/3/2017,224.3,175666,2521601,92183405.81,20676.73792,35389.9389,5206,6636,16.51
6/4/2017,244.96,180136,2557692,92210634.56,22587.91704,36683.7213,5160,6458,16.61
6/5/2017,247.75,190305,2595526,92238426.91,22852.07027,37220.5713,5249,6439,16.31
6/6/2017,264.26,200523,2638490,92265908.16,24382.18889,37971.5981,5208,7374,16.44
6/7/2017,255.77,207180,2682778,92293678.94,23605.95426,39157.0428,5239,7388,16.39
6/8/2017,259.41,187700,2720240,92321310.19,23949.07108,39515.8111,5209,6932,16.43
6/9/2017,279.11,215831,2760852,92348960.19,25775.51828,39508.5852,5214,7482,16.42
6/10/2017,335.95,213356,2804195,92377118.94,31034.09311,41872.7093,5332,6592,16.02
6/11/2017,339.68,240490,2859713,92405045.66,31388.14591,42335.4349,5246,8658,16.37
6/12/2017,394.66,292941,2919025,92433146.28,36479.66551,41975.3291,5237,9451,16.31
6/13/2017,388.09,280054,2978427,92461422.38,35883.35341,43492.4743,5272,8807,16.21
6/14/2017,343.84,250410,3031828,92489691.13,31801.6554,44267.7112,5293,7942,16.15
6/15/2017,344.68,261617,3084273,92517889.88,31889.06628,46001.9979,5305,8192,16.11
6/16/2017,353.61,248003,3132387,92546260.81,32725.28329,46630.0453,5336,8034,16.03
6/17/2017,368.1,242022,3178828,92574559.88,34076.69549,47877.4934,5279,7958,16.17
6/18/2017,351.53,245957,3231660,92603147.38,32552.7844,49167.6342,5347,7931,15.97
6/19/2017,358.2,286209,3292231,92631780.34,33180.70372,48994.2646,5334,8956,16
6/20/2017,350.53,308488,3354447,92658489.72,32479.5804,49710.0379,4967,9258,17.32
6/21/2017,325.3,221289,3386889,92684640.5,30150.31355,50745.629,4898,6195,17.52
6/22/2017,320.97,284225,3442987,92711173.78,29757.50545,51035.432,4944,8691,17.31
6/23/2017,326.85,276012,3499011,92737276.28,30311.17875,50863.8817,4890,9123,17.53
6/24/2017,304.54,250570,3549828,92763771.28,28250.27891,52432.2312,4939,8935,17.25
6/25/2017,279.36,231135,3593921,92790154.41,25921.85753,53050.104,4926,8979,17.32
6/26/2017,253.68,316788,3646944,92816853.47,23545.77939,54476.8066,4965,9544,17.2
6/27/2017,286.14,252995,3688934,92843435.81,26566.22072,55435.8653,5001,7911,17.06
6/28/2017,315.86,274241,3739249,92870078.47,29333.94299,55902.4878,4961,10005,17.24
6/29/2017,292.9,263791,3787958,92897087.38,27209.55689,57370.5804,5027,9460,16.96
6/30/2017,280.68,252652,3835524,92923943.63,26081.8925,58103.4759,5036,8800,16.98
7/1/2017,261,240465,3871530,92950626.75,24260.11358,59257.8637,5009,8106,17.05
7/2/2017,283.99,248617,3905337,92977339.09,26404.63453,60043.2459,5034,8503,16.97
7/3/2017,276.41,302032,3960081,93004470.34,25707.36565,61066.6592,5052,10143,16.85
7/4/2017,269.05,281465,4010868,93031836.13,25030.21551,62015.5576,5078,10132,16.81
7/5/2017,266,271606,4053898,93058596.44,24753.58665,60558.053,4985,10094,17.16
7/6/2017,265.88,258791,4089182,93085523,24749.57886,62188.5082,5046,8830,16.96
7/7/2017,240.94,295389,4131556,93112810.97,22434.60067,62980.5055,5084,9709,16.78
7/8/2017,245.67,248142,4169731,93139877.38,22881.67367,63970.8599,5087,8884,16.78
7/9/2017,237.72,225189,4199674,93166818.16,22147.61601,64815.0977,5094,6980,16.81
7/10/2017,205.76,302633,4236883,93191251.75,19175.03196,65577.096,4594,10586,18.59
7/11/2017,190.55,291677,4279139,93215219.88,17762.16015,65016.2,4520,10484,18.95
7/12/2017,224.15,283828,4320310,93239157.84,20899.55723,63527.1745,4509,10735,18.95
7/13/2017,205.41,260745,4368629,93262929.41,19157.13833,65108.2642,4512,10676,18.88
7/14/2017,197.14,249381,4400742,93286700.66,18390.54017,62983.6578,4502,10040,19.02
7/15/2017,169.1,231961,4428324,93310853,15778.86524,66076.6514,4603,8747,18.58
7/16/2017,155.42,249138,4460257,93334862.69,14506.10436,67381.9726,4575,9225,18.71
7/17/2017,189.97,248473,4498727,93358380.97,17735.29163,63714.9942,4459,9814,19.17
7/18/2017,227.09,271055,4548962,93382331.28,21206.19361,65488.9339,4551,11286,18.82
7/19/2017,194.41,270122,4584881,93406814.88,18159.21888,67929.301,4637,10282,18.43
7/20/2017,226.33,250065,4626800,93431307.69,21146.30787,69759.1232,4632,9370,18.44
7/21/2017,216.33,232560,4665313,93455149.88,20217.15257,70210.3022,4543,8661,18.85
7/22/2017,230.47,205574,4692029,93479457.22,21544.21051,70344.6082,4649,7992,18.45
7/23/2017,228.32,260490,4728803,93503940.5,21348.8197,72662.8193,4660,9282,18.33
7/24/2017,225.48,263095,4766918,93527999.41,21088.69331,71086.1935,4582,10560,18.62
7/25/2017,203.59,242956,4807986,93552692.06,19046.39258,74060.8637,4686,9766,18.24
7/26/2017,202.88,223010,4842532,93577207.06,18984.94377,73375.4017,4650,8403,18.43
7/27/2017,202.93,225435,4872429,93601559.72,18994.56451,72620.6995,4634,8346,18.45
7/28/2017,191.21,246494,4903853,93626244.88,17902.27428,73591.6983,4647,9258,18.45
7/29/2017,206.14,198773,4930947,93650737.38,19305.163,74151.5719,4683,7452,18.29
7/30/2017,196.78,206624,4974090,93675455.03,18433.45604,75662.6423,4704,7621,18.25
7/31/2017,201.33,250090,5010515,93699513.63,18864.52308,76650.4709,4535,9291,18.87
8/1/2017,225.9,218582,5049868,93720934.09,21171.55901,78324.6735,4087,9503,20.93
8/2/2017,218.12,231068,5088235,93742069.41,20447.02018,76805.5107,4044,9426,21.24
8/3/2017,224.39,236335,5129817,93763035.81,21039.48761,73485.2744,3976,9597,21.55
8/4/2017,220.6,257160,5169164,93784340.81,20688.82558,76294.8801,4040,10507,21.13
8/5/2017,253.09,261400,5207095,93805528.63,23741.24124,75945.2472,4034,10427,21.22
8/6/2017,264.56,265127,5250459,93826794.25,24822.81669,76031.0312,4032,10463,21.29
8/7/2017,269.94,281172,5302339,93848415.81,25333.44136,78413.598,4094,11867,20.92
8/8/2017,296.51,318866,5357059,93870051.13,27833.40886,80067.1003,4093,13278,20.88
8/9/2017,295.28,280308,5409615,93891780.5,27724.36495,80473.311,4113,11373,20.85
8/10/2017,298.28,338241,5469308,93913244.25,28012.44249,79867.4397,4029,13581,21.07
8/11/2017,309.32,356682,5529892,93935146.28,29056.01945,79800.4549,4105,14429,20.79
8/12/2017,308.02,338654,5585573,93957067.22,28940.65584,81155.1032,4113,13642,20.73
8/13/2017,296.62,333011,5647075,93979101.91,27876.08121,82477.7754,4129,12993,20.73
8/14/2017,299.16,410061,5725888,94001140.03,28121.38105,85027.6468,4133,15655,20.61
8/15/2017,286.52,413246,5810917,94023364.41,26939.57437,84680.7779,4132,16403,20.73
8/16/2017,301.38,413624,5866922,94045930.19,28343.56244,85419.7948,4166,17360,20.43
8/17/2017,300.3,428007,5934207,94068463.16,28248.75949,85593.3951,4144,17330,20.61
8/18/2017,292.62,443356,6004737,94090773.63,27532.84218,85743.5067,4136,17335,20.68
8/19/2017,293.02,377418,6067912,94113338,27577.0903,89581.1457,4211,16348,20.29
8/20/2017,298.2,309926,6127189,94135470.5,28071.1973,88118.4535,4156,12825,20.65
8/21/2017,321.85,392880,6186106,94158216.28,30304.82191,89205.8842,4233,15179,20.31
8/22/2017,313.37,364727,6252808,94180738.94,29513.41816,89615.1901,4185,14259,20.38
8/23/2017,317.4,374711,6322823,94203348.94,29900.14295,91496.916,4216,14352,20.38
8/24/2017,325.28,352465,6375451,94225880.66,30649.79446,90336.1265,4184,13796,20.51
8/25/2017,330.06,352621,6425907,94244701.44,31106.40616,89994.9238,3554,15772,24.18
8/26/2017,332.86,306268,6471420,94263267.22,31376.47113,90955.4417,3499,14625,24.58
8/27/2017,347.88,324173,6521068,94281902.69,32798.78831,90454.326,3514,14945,24.43
8/28/2017,347.66,363799,6574380,94300328.16,32784.45209,86753.1361,3446,17757,25
8/29/2017,372.35,394649,6636587,94319408.31,35119.83169,92088.0857,3541,18455,24.22
8/30/2017,383.86,400220,6703644,94338352.22,36212.71988,93823.0467,3531,18827,24.21
8/31/2017,388.33,384421,6771516,94357118.31,36641.69975,90901.5865,3473,17436,24.64
9/1/2017,391.42,390997,6837885,94375947.69,36940.63344,92728.0146,3521,18436,24.43
9/2/2017,351.03,331797,6892287,94394795.81,33135.40517,93720.5494,3541,15334,24.2
9/3/2017,352.45,302525,6941689,94413437.84,33276.01617,95055.9858,3539,13871,24.24
9/4/2017,303.7,442592,7004719,94432358.94,28679.10741,93647.0268,3527,19760,24.33
9/5/2017,317.94,444572,7067974,94451460.19,30029.89725,93755.3541,3559,19704,24.08
9/6/2017,338.92,496376,7136790,94470348.47,32017.8905,92625.4335,3510,22603,24.44
9/7/2017,335.37,448347,7201288,94489481.13,31688.93728,94467.199,3547,21135,24.16
9/8/2017,306.72,463670,7267913,94508748.31,28987.72328,99874.6125,3592,20975,23.86
9/9/2017,303.79,383654,7329084,94527784.09,28716.59553,98008.0751,3561,17147,24.01
9/10/2017,299.21,325128,7379849,94546772.84,28289.3399,97253.2383,3574,14680,24.03
9/11/2017,297.95,365384,7444820,94565618.94,28175.82616,97867.1491,3551,16764,24.12
9/12/2017,294.1,404898,7508515,94584931.44,27817.42834,101026.2362,3603,18037,23.83
9/13/2017,275.84,365679,7563718,94603829.72,26095.52039,96862.5167,3536,16933,24.19
9/14/2017,223.14,380251,7618435,94623119.41,21114.20286,99538.6898,3599,17288,23.71
9/15/2017,259.57,441767,7679736,94642655.81,24566.39417,101654.7838,3616,19312,23.56
9/16/2017,254.49,373764,7729925,94661993.78,24090.5308,100630.004,3609,16698,23.68
9/17/2017,258.4,289517,7772453,94681215.81,24465.62617,102518.68,3630,14350,23.67
9/18/2017,297.53,362764,7822945,94700280.81,28176.17455,100308.5274,3557,17536,23.99
9/19/2017,283,337752,7878304,94719653.78,26805.66202,102499.12,3628,16596,23.53
9/20/2017,283.56,324984,7943832,94738835.81,26864.14428,101517.21,3600,16028,23.74
9/21/2017,257.77,317074,8006858,94758172.22,24425.81405,104042.0377,3645,16104,23.53
9/22/2017,262.94,271470,8042491,94773915.81,24919.85342,104698.4895,3001,16972,28.57
9/23/2017,286.14,260107,8078626,94788921.59,27122.90202,100932.1989,2884,15951,29.78
9/24/2017,282.6,280929,8112522,94804383,26791.71864,102079.6576,2938,17983,29.19
9/25/2017,294.89,306614,8153119,94819257.38,27961.25081,98483.7466,2836,19577,30.16
9/26/2017,288.64,306075,8211953,94834464.25,27373.01976,98888.3825,2890,18527,29.56
9/27/2017,309.97,309047,8269803,94849875.34,29400.61586,100067.2592,2904,18893,29.54
9/28/2017,302.77,329208,8323753,94864873.31,28722.23769,98281.0989,2856,20553,30.02
9/29/2017,292.58,326502,8364828,94879725.81,27759.91018,94268.7683,2829,21540,30.31
9/30/2017,302.77,295798,8406110,94894657.22,28731.25537,92965.1376,2840,21998,30.27
10/1/2017,303.95,283871,8439924,94909789.88,28847.83063,97055.9237,2862,21781,30.09
10/2/2017,296.81,306095,8487975,94924879.09,28174.65336,96955.9662,2842,21143,30.02
10/3/2017,291.81,327906,8537491,94940057.53,27704.45819,96187.6182,2862,20918,29.95
10/4/2017,291.68,307399,8583378,94955375.97,27696.58406,99924.2321,2886,20395,29.47
10/5/2017,294.99,314808,8622252,94970853,28015.45193,103964.8899,2946,20313,29.03
10/6/2017,308.33,319882,8660904,94985877.06,29286.99547,99395.0518,2848,21656,29.97
10/7/2017,311.26,291091,8696647,95000892.22,29569.97771,96306.9606,2848,19657,30.02
10/8/2017,309.49,296829,8738451,95016091.75,29406.53024,99957.7366,2879,19150,29.68
10/9/2017,296.95,328172,8791812,95031300.5,28219.54468,100305.6568,2882,19671,29.72
10/10/2017,298.46,349605,8837358,95046784.88,28367.66341,100346.7409,2915,21438,29.45
10/11/2017,302.86,344305,8880536,95062284.72,28790.56355,103201.435,2915,20045,29.34
10/12/2017,302.89,363411,8930073,95077676.28,28798.07737,100658.819,2899,21137,29.42
10/13/2017,336.83,379136,8982527,95093113.47,32030.21341,104478.2166,2891,21845,29.62
10/14/2017,338.81,332169,9026250,95108431.28,32223.6876,99078.8168,2887,19951,29.74
10/15/2017,336.58,328921,9075349,95124011.44,32016.83977,103434.7686,2925,19011,29.2
10/16/2017,334.23,408297,9135201,95140181,31798.7027,103706.3558,4554,16294,18.78
10/17/2017,316.14,505611,9195945,95160328.25,30083.98617,103140.2309,6050,14412,14.08
10/18/2017,313.54,470449,9250984,95180705.66,29842.95845,104018.5548,6221,13060,13.75
10/19/2017,307.41,494184,9320260,95201131.81,29265.77993,107745.2962,6241,12978,13.71
10/20/2017,303.08,546837,9391327,95221606.81,28859.76459,107296.8232,6237,15254,13.68
10/21/2017,299.55,462902,9450402,95241750.03,28529.66622,109179.8738,6229,11983,13.69
10/22/2017,294.03,435493,9508412,95262134.28,28009.92534,110340.082,6280,10947,13.59
10/23/2017,285.27,468168,9581597,95282604.69,27181.26864,108188.1292,6254,12828,13.63
10/24/2017,296.5,492288,9668925,95303134.16,28257.37928,111176.9227,6248,13946,13.64
10/25/2017,296.35,460419,9742825,95323352.38,28249.07548,109101.8007,6176,14347,13.78
10/26/2017,295.54,466406,9815741,95343550.53,28177.83292,105391.6618,6157,14417,13.87
10/27/2017,296.36,486147,9877222,95364021.78,28262.0815,107301.2973,6229,14924,13.67
10/28/2017,293.35,484554,9919259,95384467.16,27981.03344,109022.7007,6240,14317,13.69
10/29/2017,304.04,494176,9962016,95404755.97,29006.862,107364.0917,6194,14872,13.78
10/30/2017,306.8,532626,10016332,95424854.56,29276.34538,104689.5115,6072,16448,14.02
10/31/2017,303.64,519906,10090762,95445491,28981.06889,109011.5712,6275,15604,13.58
11/1/2017,289.42,527783,10170977,95465719.34,27629.68849,109939.7975,6142,15758,13.85
11/2/2017,284.92,529277,10265149,95486016.13,27205.87571,105632.0807,6144,15696,13.83
11/3/2017,304.51,485790,10334844,95506325.56,29082.6312,104827.259,6208,15831,13.68
11/4/2017,300.04,398758,10389337,95526513.88,28661.77522,103567.0937,6196,12156,13.78
11/5/2017,296.23,417102,10440241,95547106.34,28303.91931,107894.9432,6299,11640,13.54
11/6/2017,296.82,511663,10503649,95567346.97,28366.29993,105654.5317,6199,13796,13.77
11/7/2017,291.84,470418,10557839,95587760.75,27896.3321,104271.6052,6211,14267,13.72
